resource,animal,source,author,license,date_downloaded,modifications
app/src/main/res/raw/cat_bsb1.mp3,Cat,https://bigsoundbank.com/UPLOAD/mp3/0436.mp3 (id 0436: Cat Purr),Joseph SARDIN (BigSoundBank),"BigSoundBank Free & Royalty-Free (CC0-equivalent); commercial OK, attribution not required",2026-06-14,"trim+silence-strip, capped 8s, fade-out, loudnorm -16 LUFS, mono 22.05kHz MP3"
app/src/main/res/raw/cat_bsb2.mp3,Cat,https://bigsoundbank.com/UPLOAD/mp3/0390.mp3 (id 0390: Mewing kitten 3 weeks),Joseph SARDIN (BigSoundBank),"BigSoundBank Free & Royalty-Free (CC0-equivalent); commercial OK, attribution not required",2026-06-14,"trim+silence-strip, capped 8s, fade-out, loudnorm -16 LUFS, mono 22.05kHz MP3"
app/src/main/res/raw/cat_bsb3.mp3,Cat,https://bigsoundbank.com/UPLOAD/mp3/0098.mp3 (id 0098: Small mewing of a cat),Joseph SARDIN (BigSoundBank),"BigSoundBank Free & Royalty-Free (CC0-equivalent); commercial OK, attribution not required",2026-06-14,"trim+silence-strip, capped 8s, fade-out, loudnorm -16 LUFS, mono 22.05kHz MP3"
app/src/main/res/raw/cat_bsb4.mp3,Cat,https://bigsoundbank.com/UPLOAD/mp3/0903.mp3 (id 0903: Meow),Joseph SARDIN (BigSoundBank),"BigSoundBank Free & Royalty-Free (CC0-equivalent); commercial OK, attribution not required",2026-06-14,"trim+silence-strip, capped 8s, fade-out, loudnorm -16 LUFS, mono 22.05kHz MP3"
app/src/main/res/raw/chicken_bsb1.mp3,Chicken,https://bigsoundbank.com/UPLOAD/mp3/0453.mp3 (id 0453: Annoyed Hen),Joseph SARDIN (BigSoundBank),"BigSoundBank Free & Royalty-Free (CC0-equivalent); commercial OK, attribution not required",2026-06-14,"trim+silence-strip, capped 8s, fade-out, loudnorm -16 LUFS, mono 22.05kHz MP3"
app/src/main/res/raw/chicken_bsb2.mp3,Chicken,https://bigsoundbank.com/UPLOAD/mp3/1040.mp3 (id 1040: Hen scared),Joseph SARDIN (BigSoundBank),"BigSoundBank Free & Royalty-Free (CC0-equivalent); commercial OK, attribution not required",2026-06-14,"trim+silence-strip, capped 8s, fade-out, loudnorm -16 LUFS, mono 22.05kHz MP3"
app/src/main/res/raw/chicken_bsb3.mp3,Chicken,https://bigsoundbank.com/UPLOAD/mp3/0104.mp3 (id 0104: Rooster),Joseph SARDIN (BigSoundBank),"BigSoundBank Free & Royalty-Free (CC0-equivalent); commercial OK, attribution not required",2026-06-14,"trim+silence-strip, capped 8s, fade-out, loudnorm -16 LUFS, mono 22.05kHz MP3"
app/src/main/res/raw/chicken_bsb4.mp3,Chicken,https://bigsoundbank.com/UPLOAD/mp3/0474.mp3 (id 0474: Song of a Rooster),Joseph SARDIN (BigSoundBank),"BigSoundBank Free & Royalty-Free (CC0-equivalent); commercial OK, attribution not required",2026-06-14,"trim+silence-strip, capped 8s, fade-out, loudnorm -16 LUFS, mono 22.05kHz MP3"
app/src/main/res/raw/chicken_bsb5.mp3,Chicken,https://bigsoundbank.com/UPLOAD/mp3/0955.mp3 (id 0955: Cockerel: First song),Joseph SARDIN (BigSoundBank),"BigSoundBank Free & Royalty-Free (CC0-equivalent); commercial OK, attribution not required",2026-06-14,"trim+silence-strip, capped 8s, fade-out, loudnorm -16 LUFS, mono 22.05kHz MP3"
app/src/main/res/raw/cow_bsb1.mp3,Cow,https://bigsoundbank.com/UPLOAD/mp3/0845.mp3 (id 0845: Moo),Joseph SARDIN (BigSoundBank),"BigSoundBank Free & Royalty-Free (CC0-equivalent); commercial OK, attribution not required",2026-06-14,"trim+silence-strip, capped 8s, fade-out, loudnorm -16 LUFS, mono 22.05kHz MP3"
app/src/main/res/raw/dog_bsb1.mp3,Dog,https://bigsoundbank.com/UPLOAD/mp3/0288.mp3 (id 0288: Barking Dogs),Joseph SARDIN (BigSoundBank),"BigSoundBank Free & Royalty-Free (CC0-equivalent); commercial OK, attribution not required",2026-06-14,"trim+silence-strip, capped 8s, fade-out, loudnorm -16 LUFS, mono 22.05kHz MP3"
app/src/main/res/raw/dog_bsb2.mp3,Dog,https://bigsoundbank.com/UPLOAD/mp3/0112.mp3 (id 0112: Barking Dog Inside),Joseph SARDIN (BigSoundBank),"BigSoundBank Free & Royalty-Free (CC0-equivalent); commercial OK, attribution not required",2026-06-14,"trim+silence-strip, capped 8s, fade-out, loudnorm -16 LUFS, mono 22.05kHz MP3"
app/src/main/res/raw/dog_bsb3.mp3,Dog,https://bigsoundbank.com/UPLOAD/mp3/0682.mp3 (id 0682: Barking of a Spitz),Joseph SARDIN (BigSoundBank),"BigSoundBank Free & Royalty-Free (CC0-equivalent); commercial OK, attribution not required",2026-06-14,"trim+silence-strip, capped 8s, fade-out, loudnorm -16 LUFS, mono 22.05kHz MP3"
app/src/main/res/raw/donkey_bsb1.mp3,Donkey,"https://bigsoundbank.com/UPLOAD/mp3/1548.mp3 (id 1548: Donkeys, braying)",Joseph SARDIN (BigSoundBank),"BigSoundBank Free & Royalty-Free (CC0-equivalent); commercial OK, attribution not required",2026-06-14,"trim+silence-strip, capped 8s, fade-out, loudnorm -16 LUFS, mono 22.05kHz MP3"
app/src/main/res/raw/duck_bsb1.mp3,Duck,https://bigsoundbank.com/UPLOAD/mp3/0276.mp3 (id 0276: Ducks),Joseph SARDIN (BigSoundBank),"BigSoundBank Free & Royalty-Free (CC0-equivalent); commercial OK, attribution not required",2026-06-14,"trim+silence-strip, capped 8s, fade-out, loudnorm -16 LUFS, mono 22.05kHz MP3"
app/src/main/res/raw/goat_bsb1.mp3,Goat,https://bigsoundbank.com/UPLOAD/mp3/1377.mp3 (id 1377: Goat and Young Goat),Joseph SARDIN (BigSoundBank),"BigSoundBank Free & Royalty-Free (CC0-equivalent); commercial OK, attribution not required",2026-06-14,"trim+silence-strip, capped 8s, fade-out, loudnorm -16 LUFS, mono 22.05kHz MP3"
app/src/main/res/raw/goat_bsb2.mp3,Goat,https://bigsoundbank.com/UPLOAD/mp3/0880.mp3 (id 0880: Dwarf goat bleating),Joseph SARDIN (BigSoundBank),"BigSoundBank Free & Royalty-Free (CC0-equivalent); commercial OK, attribution not required",2026-06-14,"trim+silence-strip, capped 8s, fade-out, loudnorm -16 LUFS, mono 22.05kHz MP3"
app/src/main/res/raw/goat_bsb3.mp3,Goat,https://freesound.org/people/TheKingOfGeeks360/sounds/846010/ (id 846010: Goats - Billy in Rut),TheKingOfGeeks360,CC0,2026-06-14,"downloaded HQ-mp3 preview; trim+silence-strip, capped 8s, fade-out, loudnorm -16 LUFS, mono 22.05kHz"
app/src/main/res/raw/horse_bsb1.mp3,Horse,https://bigsoundbank.com/UPLOAD/mp3/0460.mp3 (id 0460: Neighing of a horse),Joseph SARDIN (BigSoundBank),"BigSoundBank Free & Royalty-Free (CC0-equivalent); commercial OK, attribution not required",2026-06-14,"trim+silence-strip, capped 8s, fade-out, loudnorm -16 LUFS, mono 22.05kHz MP3"
app/src/main/res/raw/owl_bsb1.mp3,Owl,https://bigsoundbank.com/UPLOAD/mp3/0429.mp3 (id 0429: Tawny Owls),Joseph SARDIN (BigSoundBank),"BigSoundBank Free & Royalty-Free (CC0-equivalent); commercial OK, attribution not required",2026-06-14,"trim+silence-strip, capped 8s, fade-out, loudnorm -16 LUFS, mono 22.05kHz MP3"
app/src/main/res/drawable/cat_1.jpg,Cat,https://commons.wikimedia.org/wiki/File:Brown_tabby_cat_2018_G1.jpg,George Chernilevsky,Public domain,2026-06-14,"cropped to centered square, resized to 500x500, JPEG q85"
app/src/main/res/drawable/cow_female_black_white.jpg,Cow,https://commons.wikimedia.org/wiki/File:Cow_female_black_white.jpg,"Keith Weller, USDA ARS",Public Domain,,none (pre-existing asset; provenance traced 2026-06-14)
app/src/main/res/drawable/dog_1.jpg,Dog,https://commons.wikimedia.org/wiki/File:Golden-retriever-dog-1362597631o6g.jpg,Karen Arnold,CC0,2026-06-14,"cropped to centered square, resized to 500x500, JPEG q85"
app/src/main/res/drawable/domestic_horse_essenpas_bemmel.jpg,Horse,"https://commons.wikimedia.org/wiki/File:Domestic_horse_(Essenpas,_Bemmel).jpg",Industrees,CC0,,none (pre-existing asset; provenance traced 2026-06-14)
app/src/main/res/drawable/donkey_in_clovelly_north_devon_england.jpg,Donkey,"https://commons.wikimedia.org/wiki/File:Donkey_in_Clovelly,_North_Devon,_England.jpg",Adrian Pingstone (Arpingstone),Public Domain,,none (pre-existing asset; provenance traced 2026-06-14)
app/src/main/res/drawable/goat_white.jpg,Goat,https://commons.wikimedia.org/wiki/File:Beautiful_Goat_(193265569).jpeg,Ivan Andreea,CC0,2026-06-14,"cropped to centered square, resized to 500x500, JPEG q85"
app/src/main/res/drawable/hen_chicken.jpg,Chicken,https://commons.wikimedia.org/wiki/File:Chicken_Posing_(209225885).jpeg,Aleksei Belta,CC BY 3.0,2026-06-14,"cropped to centered square, resized to 500x500, JPEG q85"
app/src/main/res/drawable/mallard_duck.jpg,Duck,https://commons.wikimedia.org/wiki/File:20130602_Anas_platyrhynchos_male_7466.jpg,Jakub Hałun,CC BY-SA 3.0,2026-06-14,"cropped square keeping the bill (offset right), resized to 500x500, JPEG q85"
app/src/main/res/drawable/monkey_portrait_animal.jpg,Monkey,https://commons.wikimedia.org/wiki/File:Macaca_mulatta_252369425.jpg,Fernando Pérez Peralta,CC0,2026-06-14,"cropped to centered square, resized to 500x500, JPEG q85"
app/src/main/res/drawable/pexels_ellie_burgin_10895600.jpg,Sheep,https://www.pexels.com/photo/10895600/,Ellie Burgin,Pexels License,,none (pre-existing asset; provenance traced 2026-06-14)
app/src/main/res/drawable/tawny_owl.jpg,Owl,https://commons.wikimedia.org/wiki/File:Poll_de_gamar%C3%BAs_eurasi%C3%A0tic_(Strix_aluco).jpg,Catalaalatac,CC BY-SA 4.0,2026-06-14,"cropped to centered square, resized to 500x500, JPEG q85"
app/src/main/res/drawable/frog.jpg,Frog,https://commons.wikimedia.org/wiki/File:Green_frog_(Pelophylax_esculentus_complex)_Danube_delta.jpg,Charles J. Sharp,CC BY-SA 4.0,2026-06-15,"cropped to square, resized to 500x500, JPEG q85"
app/src/main/res/drawable/young_african_lion_33560925282.jpg,Lion,https://www.flickr.com/photos/mathiasappel/33560925282/,Mathias Appel,CC0,,none (pre-existing asset; provenance traced 2026-06-14)
app/src/main/res/raw/lion_fs1.mp3,Lion,https://freesound.org/people/stratcat322/sounds/270383/ (id 270383: lion_growls.wav),stratcat322,CC0,2026-06-14,"downloaded HQ-mp3 preview; trim+silence-strip, capped 8s, fade-out, loudnorm -16 LUFS, mono 22.05kHz"
app/src/main/res/raw/lion_fs2.mp3,Lion,https://freesound.org/people/iut_Paris8/sounds/567803/ (id 567803: poujade_eva_2020_2021_RoarOfLion(son2).wav),iut_Paris8,CC0,2026-06-14,"downloaded HQ-mp3 preview; trim+silence-strip, capped 8s, fade-out, loudnorm -16 LUFS, mono 22.05kHz"
app/src/main/res/raw/sheep_fs1.mp3,Sheep,https://freesound.org/people/SergioJbs/sounds/669872/ (id 669872: bah bala oveja/baa bleat sheep.WAV),SergioJbs,CC0,2026-06-14,"downloaded HQ-mp3 preview; trim+silence-strip, capped 8s, fade-out, loudnorm -16 LUFS, mono 22.05kHz"
app/src/main/res/raw/sheep_fs2.mp3,Sheep,https://freesound.org/people/TheKingOfGeeks360/sounds/803460/ (id 803460: Sheep - Bleat; Close Perspective),TheKingOfGeeks360,CC0,2026-06-14,"downloaded HQ-mp3 preview; trim+silence-strip, capped 8s, fade-out, loudnorm -16 LUFS, mono 22.05kHz"
app/src/main/res/raw/sheep_fs3.mp3,Sheep,https://freesound.org/people/TheKingOfGeeks360/sounds/840891/ (id 840891: Sheep - Bleat; Medium Perspective),TheKingOfGeeks360,CC0,2026-06-14,"downloaded HQ-mp3 preview; trim+silence-strip, capped 8s, fade-out, loudnorm -16 LUFS, mono 22.05kHz"
app/src/main/res/raw/sheep_fs4.mp3,Sheep,https://freesound.org/people/satoristudios3/sounds/692900/ (id 692900: Ewe Shetland Sheep Baa),satoristudios3,CC0,2026-06-14,"downloaded HQ-mp3 preview; trim+silence-strip, capped 8s, fade-out, loudnorm -16 LUFS, mono 22.05kHz"
app/src/main/res/raw/cow_fs1.mp3,Cow,https://freesound.org/people/spurioustransients/sounds/513561/ (id 513561: Cow moo #7),spurioustransients,CC0,2026-06-14,"downloaded HQ-mp3 preview; trim+silence-strip, capped 8s, fade-out, loudnorm -16 LUFS, mono 22.05kHz"
app/src/main/res/raw/cow_fs2.mp3,Cow,https://freesound.org/people/manofham/sounds/700379/ (id 700379: Moo 2 - Moo Moo the Cow),manofham,CC0,2026-06-14,"downloaded HQ-mp3 preview; trim+silence-strip, capped 8s, fade-out, loudnorm -16 LUFS, mono 22.05kHz"
app/src/main/res/raw/cow_fs3.mp3,Cow,https://freesound.org/people/spurioustransients/sounds/513564/ (id 513564: Cow moo #4),spurioustransients,CC0,2026-06-14,"downloaded HQ-mp3 preview; trim+silence-strip, capped 8s, fade-out, loudnorm -16 LUFS, mono 22.05kHz"
app/src/main/res/raw/cow_fs4.mp3,Cow,https://freesound.org/people/spurioustransients/sounds/513562/ (id 513562: Cow moo #6),spurioustransients,CC0,2026-06-14,"downloaded HQ-mp3 preview; trim+silence-strip, capped 8s, fade-out, loudnorm -16 LUFS, mono 22.05kHz"
app/src/main/res/raw/cow_fs5.mp3,Cow,https://freesound.org/people/manofham/sounds/700378/ (id 700378: Moo 1 - Moo Moo the Cow),manofham,CC0,2026-06-14,"downloaded HQ-mp3 preview; trim+silence-strip, capped 8s, fade-out, loudnorm -16 LUFS, mono 22.05kHz"
app/src/main/res/raw/donkey_fs1.mp3,Donkey,"https://freesound.org/people/felix.blume/sounds/133761/ (id 133761: A donkey is braying in the field, close to the small village of La Preciosita)",felix.blume,CC0,2026-06-14,"downloaded HQ-mp3 preview; trim+silence-strip, capped 8s, fade-out, loudnorm -16 LUFS, mono 22.05kHz"
app/src/main/res/raw/donkey_fs2.mp3,Donkey,"https://freesound.org/people/TheKingOfGeeks360/sounds/787564/ (id 787564: Donkeys - Donkey Bray, Close Perspective)",TheKingOfGeeks360,CC0,2026-06-14,"downloaded HQ-mp3 preview; trim+silence-strip, capped 8s, fade-out, loudnorm -16 LUFS, mono 22.05kHz"
app/src/main/res/raw/donkey_fs3.mp3,Donkey,"https://freesound.org/people/TheKingOfGeeks360/sounds/831960/ (id 831960: Donkeys - Donkey Bray, Medium Perspective)",TheKingOfGeeks360,CC0,2026-06-14,"downloaded HQ-mp3 preview; trim+silence-strip, capped 8s, fade-out, loudnorm -16 LUFS, mono 22.05kHz"
app/src/main/res/raw/donkey_fs4.mp3,Donkey,https://freesound.org/people/StarNinjas37/sounds/560692/ (id 560692: Donkey Bray),StarNinjas37,CC0,2026-06-14,"downloaded HQ-mp3 preview; trim+silence-strip, capped 8s, fade-out, loudnorm -16 LUFS, mono 22.05kHz"
app/src/main/res/raw/frog_fs1.mp3,Frog,https://freesound.org/people/Kamix0/sounds/391520/ (id 391520: Frogs croaking.wav),Kamix0,CC0,2026-06-14,"downloaded HQ-mp3 preview; trim+silence-strip, capped 8s, fade-out, loudnorm -16 LUFS, mono 22.05kHz"
app/src/main/res/raw/frog_fs2.mp3,Frog,"https://freesound.org/people/TheKingOfGeeks360/sounds/744309/ (id 744309: Frogs - Cope's Gray Tree Frog, Single Croak, Crickets in Background)",TheKingOfGeeks360,CC0,2026-06-14,"downloaded HQ-mp3 preview; trim+silence-strip, capped 8s, fade-out, loudnorm -16 LUFS, mono 22.05kHz"
app/src/main/res/raw/frog_fs3.mp3,Frog,https://freesound.org/people/benjibeastr/sounds/377109/ (id 377109: frog croak.wav),benjibeastr,CC0,2026-06-14,"downloaded HQ-mp3 preview; trim+silence-strip, capped 8s, fade-out, loudnorm -16 LUFS, mono 22.05kHz"
app/src/main/res/raw/frog_fs4.mp3,Frog,https://freesound.org/people/willcarpenter3/sounds/716959/ (id 716959: Frog Croak),willcarpenter3,CC0,2026-06-14,"downloaded HQ-mp3 preview; trim+silence-strip, capped 8s, fade-out, loudnorm -16 LUFS, mono 22.05kHz"
app/src/main/res/raw/horse_fs1.mp3,Horse,"https://freesound.org/people/TheKingOfGeeks360/sounds/777763/ (id 777763: Horses - Quarter Horse; Soft Neigh, Close Perspective)",TheKingOfGeeks360,CC0,2026-06-14,"downloaded HQ-mp3 preview; trim+silence-strip, capped 8s, fade-out, loudnorm -16 LUFS, mono 22.05kHz"
app/src/main/res/raw/horse_fs2.mp3,Horse,"https://freesound.org/people/TheKingOfGeeks360/sounds/832631/ (id 832631: Horses - Shetland Pony; Neigh, Close Perspective)",TheKingOfGeeks360,CC0,2026-06-14,"downloaded HQ-mp3 preview; trim+silence-strip, capped 8s, fade-out, loudnorm -16 LUFS, mono 22.05kHz"
app/src/main/res/raw/horse_fs3.mp3,Horse,"https://freesound.org/people/TheKingOfGeeks360/sounds/839525/ (id 839525: Horses - Mini Horse or Pony, Short Neigh, Close Perspective)",TheKingOfGeeks360,CC0,2026-06-14,"downloaded HQ-mp3 preview; trim+silence-strip, capped 8s, fade-out, loudnorm -16 LUFS, mono 22.05kHz"
app/src/main/res/raw/horse_fs4.mp3,Horse,https://freesound.org/people/Salsero_classic/sounds/826753/ (id 826753: Renill de cavall / Horse Neigh),Salsero_classic,CC0,2026-06-14,"downloaded HQ-mp3 preview; trim+silence-strip, capped 8s, fade-out, loudnorm -16 LUFS, mono 22.05kHz"
app/src/main/res/raw/goat_fs1.mp3,Goat,https://freesound.org/people/TheKingOfGeeks360/sounds/777755/ (id 777755: Goats - Goat Bleat; Close Perspective),TheKingOfGeeks360,CC0,2026-06-14,"downloaded HQ-mp3 preview; trim+silence-strip, capped 8s, fade-out, loudnorm -16 LUFS, mono 22.05kHz"
app/src/main/res/raw/goat_fs2.mp3,Goat,"https://freesound.org/people/TheKingOfGeeks360/sounds/842308/ (id 842308: Goats - Goat Bleat; Close Perspective, Take 3)",TheKingOfGeeks360,CC0,2026-06-14,"downloaded HQ-mp3 preview; trim+silence-strip, capped 8s, fade-out, loudnorm -16 LUFS, mono 22.05kHz"
app/src/main/res/raw/goat_fs3.mp3,Goat,"https://freesound.org/people/TheKingOfGeeks360/sounds/842307/ (id 842307: Goats - Goat Bleat; Close Perspective, Take 2)",TheKingOfGeeks360,CC0,2026-06-14,"downloaded HQ-mp3 preview; trim+silence-strip, capped 8s, fade-out, loudnorm -16 LUFS, mono 22.05kHz"
app/src/main/res/raw/goat_fs4.mp3,Goat,"https://freesound.org/people/TheKingOfGeeks360/sounds/839527/ (id 839527: Goats - Kid Bleat, Medium Perspective)",TheKingOfGeeks360,CC0,2026-06-14,"downloaded HQ-mp3 preview; trim+silence-strip, capped 8s, fade-out, loudnorm -16 LUFS, mono 22.05kHz"
app/src/main/res/raw/goat_fs5.mp3,Goat,https://freesound.org/people/jsbarrett/sounds/200333/ (id 200333: Baby goat bleating),jsbarrett,CC0,2026-06-14,"downloaded HQ-mp3 preview; trim+silence-strip, capped 8s, fade-out, loudnorm -16 LUFS, mono 22.05kHz"
app/src/main/res/raw/goat_fs6.mp3,Goat,https://freesound.org/people/Kinoton/sounds/581240/ (id 581240: Single Goat Bleating 2x),Kinoton,CC0,2026-06-14,"downloaded HQ-mp3 preview; trim+silence-strip, capped 8s, fade-out, loudnorm -16 LUFS, mono 22.05kHz"
app/src/main/res/raw/goat_fs7.mp3,Goat,https://freesound.org/people/TheKingOfGeeks360/sounds/825399/ (id 825399: Goats - Billy Goat Bleat),TheKingOfGeeks360,CC0,2026-06-14,"downloaded HQ-mp3 preview; trim+silence-strip, capped 8s, fade-out, loudnorm -16 LUFS, mono 22.05kHz"
app/src/main/res/raw/duck_fs1.mp3,Duck,https://freesound.org/people/OwennewO/sounds/719108/ (id 719108: Duck Softly Quacking Twice),OwennewO,CC0,2026-06-14,"downloaded HQ-mp3 preview; trim+silence-strip, capped 8s, fade-out, loudnorm -16 LUFS, mono 22.05kHz"
app/src/main/res/raw/duck_fs2.mp3,Duck,https://freesound.org/people/OwennewO/sounds/719113/ (id 719113: Duck Quacking Quietly Twice),OwennewO,CC0,2026-06-14,"downloaded HQ-mp3 preview; trim+silence-strip, capped 8s, fade-out, loudnorm -16 LUFS, mono 22.05kHz"
app/src/main/res/raw/duck_fs3.mp3,Duck,https://freesound.org/people/OwennewO/sounds/719111/ (id 719111: Duck Quack),OwennewO,CC0,2026-06-14,"downloaded HQ-mp3 preview; trim+silence-strip, capped 8s, fade-out, loudnorm -16 LUFS, mono 22.05kHz"
app/src/main/res/raw/duck_fs4.mp3,Duck,https://freesound.org/people/OwennewO/sounds/719109/ (id 719109: Duck Quacking Twice),OwennewO,CC0,2026-06-14,"downloaded HQ-mp3 preview; trim+silence-strip, capped 8s, fade-out, loudnorm -16 LUFS, mono 22.05kHz"
app/src/main/res/raw/duck_fs5.mp3,Duck,https://freesound.org/people/OwennewO/sounds/719114/ (id 719114: Duck Quacking Loudly Three Times),OwennewO,CC0,2026-06-14,"downloaded HQ-mp3 preview; trim+silence-strip, capped 8s, fade-out, loudnorm -16 LUFS, mono 22.05kHz"
app/src/main/res/raw/duck_fs6.mp3,Duck,https://freesound.org/people/OwennewO/sounds/719115/ (id 719115: Ducks Quacking To Each Other),OwennewO,CC0,2026-06-14,"downloaded HQ-mp3 preview; trim+silence-strip, capped 8s, fade-out, loudnorm -16 LUFS, mono 22.05kHz"
app/src/main/res/raw/duck_fs7.mp3,Duck,https://freesound.org/people/D4XX/sounds/607226/ (id 607226: Ducks),D4XX,CC0,2026-06-14,"downloaded HQ-mp3 preview; trim+silence-strip, capped 8s, fade-out, loudnorm -16 LUFS, mono 22.05kHz"
app/src/main/res/raw/duck_fs8.mp3,Duck,https://freesound.org/people/gibarroule/sounds/365133/ (id 365133: Duck Quack),gibarroule,CC0,2026-06-14,"downloaded HQ-mp3 preview; trim+silence-strip, capped 8s, fade-out, loudnorm -16 LUFS, mono 22.05kHz"
app/src/main/res/raw/duck_fs9.mp3,Duck,https://freesound.org/people/JoMungus/sounds/717648/ (id 717648: Ducks quacking),JoMungus,CC0,2026-06-14,"downloaded HQ-mp3 preview; trim+silence-strip, capped 8s, fade-out, loudnorm -16 LUFS, mono 22.05kHz"
app/src/main/res/raw/owl_fs1.mp3,Owl,https://freesound.org/people/gfrog/sounds/159726/ (id 159726: Owl Hooting with far away dog barking),gfrog,CC0,2026-06-14,"downloaded HQ-mp3 preview; trim+silence-strip, capped 8s, fade-out, loudnorm -16 LUFS, mono 22.05kHz"
app/src/main/res/raw/owl_fs3.mp3,Owl,"https://freesound.org/people/TheKingOfGeeks360/sounds/784609/ (id 784609: Birds of Prey - Barred Owl Hooting, Distant)",TheKingOfGeeks360,CC0,2026-06-14,"downloaded HQ-mp3 preview; trim+silence-strip, capped 8s, fade-out, loudnorm -16 LUFS, mono 22.05kHz"
app/src/main/res/raw/owl_fs4.mp3,Owl,https://freesound.org/people/Breviceps/sounds/465697/ (id 465697: Owl Hoot),Breviceps,CC0,2026-06-14,"downloaded HQ-mp3 preview; trim+silence-strip, capped 8s, fade-out, loudnorm -16 LUFS, mono 22.05kHz"
app/src/main/res/raw/owl_fs5.mp3,Owl,https://freesound.org/people/Gerent/sounds/558396/ (id 558396: owl_hooting_000102_0145S3 002-070 000-002 068-074.wav),Gerent,CC0,2026-06-14,"downloaded HQ-mp3 preview; trim+silence-strip, capped 8s, fade-out, loudnorm -16 LUFS, mono 22.05kHz"
app/src/main/res/raw/owl_fs7.mp3,Owl,https://freesound.org/people/gfrog/sounds/157870/ (id 157870: Owl in Arkansas Backyard 01),gfrog,CC0,2026-06-14,"downloaded HQ-mp3 preview; trim+silence-strip, capped 8s, fade-out, loudnorm -16 LUFS, mono 22.05kHz"
app/src/main/res/raw/owl_fs9.mp3,Owl,https://freesound.org/people/Rehanjo/sounds/593603/ (id 593603: Owl.wav),Rehanjo,CC0,2026-06-14,"downloaded HQ-mp3 preview; trim+silence-strip, capped 8s, fade-out, loudnorm -16 LUFS, mono 22.05kHz"
app/src/main/res/raw/dog_fs1.mp3,Dog,https://freesound.org/people/Weak_Hero/sounds/612856/ (id 612856: Dogs bark and howl),Weak_Hero,CC0,2026-06-14,"downloaded HQ-mp3 preview; trim+silence-strip, capped 8s, fade-out, loudnorm -16 LUFS, mono 22.05kHz"
app/src/main/res/raw/monkey_fs1.mp3,Monkey,https://freesound.org/people/sethlind/sounds/332724/ (id 332724: Howler Monkeys - short clip.wav),sethlind,CC0,2026-06-14,"downloaded HQ-mp3 preview; trim+silence-strip, capped 8s, fade-out, loudnorm -16 LUFS, mono 22.05kHz"
app/src/main/res/raw/monkey_fs2.mp3,Monkey,"https://freesound.org/people/TheKingOfGeeks360/sounds/843477/ (id 843477: Primates - Geoffroy's Spider Monkey, Take 2)",TheKingOfGeeks360,CC0,2026-06-14,"downloaded HQ-mp3 preview; trim+silence-strip, capped 8s, fade-out, loudnorm -16 LUFS, mono 22.05kHz"
app/src/main/res/raw/monkey_fs3.mp3,Monkey,https://freesound.org/people/sethlind/sounds/332726/ (id 332726: screaming monkey or bird.wav),sethlind,CC0,2026-06-14,"downloaded HQ-mp3 preview; trim+silence-strip, capped 8s, fade-out, loudnorm -16 LUFS, mono 22.05kHz"
app/src/main/res/raw/elephant_fs2.mp3,Elephant,https://freesound.org/people/Danjocross/sounds/507467/ (id 507467: Angry Elephant.aiff),Danjocross,CC0,2026-06-14,"downloaded HQ-mp3 preview; trim+silence-strip, capped 8s, fade-out, loudnorm -16 LUFS, mono 22.05kHz"
app/src/main/res/raw/elephant_fs4.mp3,Elephant,https://freesound.org/people/bkyte/sounds/510490/ (id 510490: eleaudio.m4a),bkyte,CC0,2026-06-14,"downloaded HQ-mp3 preview; trim+silence-strip, capped 8s, fade-out, loudnorm -16 LUFS, mono 22.05kHz"
app/src/main/res/raw/elephant_fs5.mp3,Elephant,https://freesound.org/people/D.jones/sounds/527845/ (id 527845: Elephant Trumpets Growls.flac),D.jones,CC0,2026-06-14,"downloaded HQ-mp3 preview; trim+silence-strip, capped 8s, fade-out, loudnorm -16 LUFS, mono 22.05kHz"
app/src/main/res/raw/tiger_fs1.mp3,Tiger,https://freesound.org/people/lauramellis/sounds/263115/ (id 263115: Tiger Roar),lauramellis,CC0,2026-06-14,"downloaded HQ-mp3 preview; trim+silence-strip, capped 8s, fade-out, loudnorm -16 LUFS, mono 22.05kHz"
app/src/main/res/raw/tiger_fs2.mp3,Tiger,https://freesound.org/people/tahirahg1991/sounds/420466/ (id 420466: Roar.m4a),tahirahg1991,CC0,2026-06-14,"downloaded HQ-mp3 preview; trim+silence-strip, capped 8s, fade-out, loudnorm -16 LUFS, mono 22.05kHz"
app/src/main/res/raw/tiger_fs3.mp3,Tiger,https://freesound.org/people/KristopherTiberiusHaven/sounds/559270/ (id 559270: Hiss Roar.mp3),KristopherTiberiusHaven,CC0,2026-06-14,"downloaded HQ-mp3 preview; trim+silence-strip, capped 8s, fade-out, loudnorm -16 LUFS, mono 22.05kHz"
app/src/main/res/raw/tiger_fs4.mp3,Tiger,https://freesound.org/people/Bidone/sounds/67357/ (id 67357: Tiger.mp3),Bidone,CC0,2026-06-14,"downloaded HQ-mp3 preview; trim+silence-strip, capped 8s, fade-out, loudnorm -16 LUFS, mono 22.05kHz"
app/src/main/res/raw/tiger_fs5.mp3,Tiger,https://freesound.org/people/eZZin/sounds/811790/ (id 811790: Tiger roar female),eZZin,CC0,2026-06-14,"downloaded HQ-mp3 preview; trim+silence-strip, capped 8s, fade-out, loudnorm -16 LUFS, mono 22.05kHz"
app/src/main/res/raw/wolf_fs1.mp3,Wolf,https://freesound.org/people/Sacha.Julien/sounds/753896/ (id 753896: Adult and young wolves howling far away),Sacha.Julien,CC0,2026-06-14,"downloaded HQ-mp3 preview; trim+silence-strip, capped 8s, fade-out, loudnorm -16 LUFS, mono 22.05kHz"
app/src/main/res/raw/wolf_fs2.mp3,Wolf,https://freesound.org/people/JoseAgudelo/sounds/472402/ (id 472402: 22_Lobo_aullando.wav),JoseAgudelo,CC0,2026-06-14,"downloaded HQ-mp3 preview; trim+silence-strip, capped 8s, fade-out, loudnorm -16 LUFS, mono 22.05kHz"
app/src/main/res/raw/wolf_fs3.mp3,Wolf,https://freesound.org/people/efsdcnveoi/sounds/427694/ (id 427694: 13-Aullido Lobo.wav),efsdcnveoi,CC0,2026-06-14,"downloaded HQ-mp3 preview; trim+silence-strip, capped 8s, fade-out, loudnorm -16 LUFS, mono 22.05kHz"
app/src/main/res/raw/bear_fs1.mp3,Bear,https://freesound.org/people/lendrick/sounds/77634/ (id 77634: growl3.wav),lendrick,CC0,2026-06-14,"downloaded HQ-mp3 preview; trim+silence-strip, capped 8s, fade-out, loudnorm -16 LUFS, mono 22.05kHz"
app/src/main/res/raw/bear_fs2.mp3,Bear,https://freesound.org/people/waxsocks/sounds/410343/ (id 410343: Roar.wav),waxsocks,CC0,2026-06-14,"downloaded HQ-mp3 preview; trim+silence-strip, capped 8s, fade-out, loudnorm -16 LUFS, mono 22.05kHz"
app/src/main/res/raw/bear_fs3.mp3,Bear,https://freesound.org/people/tbsounddesigns/sounds/416860/ (id 416860: BEARGrowl_02.wav),tbsounddesigns,CC BY 4.0,2026-06-14,"downloaded HQ-mp3 preview; trim+silence-strip, capped 8s, fade-out, loudnorm -16 LUFS, mono 22.05kHz"
app/src/main/res/raw/bear_fs4.mp3,Bear,https://freesound.org/people/tbsounddesigns/sounds/416859/ (id 416859: BEARGrowl_03.wav),tbsounddesigns,CC BY 4.0,2026-06-14,"downloaded HQ-mp3 preview; trim+silence-strip, capped 8s, fade-out, loudnorm -16 LUFS, mono 22.05kHz"
app/src/main/res/raw/bear_fs5.mp3,Bear,https://freesound.org/people/tbsounddesigns/sounds/416861/ (id 416861: BEARGrowl_01.wav),tbsounddesigns,CC BY 4.0,2026-06-14,"downloaded HQ-mp3 preview; trim+silence-strip, capped 8s, fade-out, loudnorm -16 LUFS, mono 22.05kHz"
app/src/main/res/raw/peacock_fs1.mp3,Peacock,https://freesound.org/people/richwise/sounds/810711/ (id 810711: Peacock call),richwise,CC0,2026-06-14,"downloaded HQ-mp3 preview; trim+silence-strip, capped 8s, fade-out, loudnorm -16 LUFS, mono 22.05kHz"
app/src/main/res/raw/peacock_fs2.mp3,Peacock,"https://freesound.org/people/Kinoton/sounds/688203/ (id 688203: Bird, Peacock Call)",Kinoton,CC0,2026-06-14,"downloaded HQ-mp3 preview; trim+silence-strip, capped 8s, fade-out, loudnorm -16 LUFS, mono 22.05kHz"
app/src/main/res/raw/peacock_fs3.mp3,Peacock,https://freesound.org/people/Mastersoundboy2005/sounds/720583/ (id 720583: deep pitch peacock call sound),Mastersoundboy2005,CC0,2026-06-14,"downloaded HQ-mp3 preview; trim+silence-strip, capped 8s, fade-out, loudnorm -16 LUFS, mono 22.05kHz"
app/src/main/res/raw/peacock_fs4.mp3,Peacock,https://freesound.org/people/pete668/sounds/75298/ (id 75298: Plaka Forest.mp3),pete668,CC0,2026-06-14,"downloaded HQ-mp3 preview; trim+silence-strip, capped 8s, fade-out, loudnorm -16 LUFS, mono 22.05kHz"
app/src/main/res/raw/coyote_fs1.mp3,Coyote,https://freesound.org/people/Gerent/sounds/558725/ (id 558725: dogs-howling-yelping-distance-far-04.wav),Gerent,CC0,2026-06-14,"downloaded HQ-mp3 preview; trim+silence-strip, capped 8s, fade-out, loudnorm -16 LUFS, mono 22.05kHz"
app/src/main/res/raw/coyote_fs2.mp3,Coyote,https://freesound.org/people/Gerent/sounds/558726/ (id 558726: dogs-howling-yelping-distance-far-08.wav),Gerent,CC0,2026-06-14,"downloaded HQ-mp3 preview; trim+silence-strip, capped 8s, fade-out, loudnorm -16 LUFS, mono 22.05kHz"
app/src/main/res/raw/hyena_fs1.mp3,Hyena,https://freesound.org/people/sounagix/sounds/680845/ (id 680845: HyenaLaugh2.wav),sounagix,CC0,2026-06-14,"downloaded HQ-mp3 preview; trim+silence-strip, capped 8s, fade-out, loudnorm -16 LUFS, mono 22.05kHz"
app/src/main/res/raw/hyena_fs2.mp3,Hyena,https://freesound.org/people/sounagix/sounds/680844/ (id 680844: HyenaLaugh1.wav),sounagix,CC0,2026-06-14,"downloaded HQ-mp3 preview; trim+silence-strip, capped 8s, fade-out, loudnorm -16 LUFS, mono 22.05kHz"
app/src/main/res/raw/hyena_fs3.mp3,Hyena,https://freesound.org/people/sounagix/sounds/680843/ (id 680843: HyenaLaugh0.wav),sounagix,CC0,2026-06-14,"downloaded HQ-mp3 preview; trim+silence-strip, capped 8s, fade-out, loudnorm -16 LUFS, mono 22.05kHz"
app/src/main/res/raw/hyena_fs4.mp3,Hyena,https://freesound.org/people/sounagix/sounds/680846/ (id 680846: HyenaLaugh3.wav),sounagix,CC0,2026-06-14,"downloaded HQ-mp3 preview; trim+silence-strip, capped 8s, fade-out, loudnorm -16 LUFS, mono 22.05kHz"
app/src/main/res/raw/hyena_fs5.mp3,Hyena,https://freesound.org/people/sounagix/sounds/681387/ (id 681387: Hyena Moan 0),sounagix,CC0,2026-06-14,"downloaded HQ-mp3 preview; trim+silence-strip, capped 8s, fade-out, loudnorm -16 LUFS, mono 22.05kHz"
app/src/main/res/raw/pig_fs1.mp3,Pig,https://freesound.org/people/qubodup/sounds/442906/ (id 442906: Pig Oink),qubodup,CC0,2026-06-14,"downloaded HQ-mp3 preview; trim+silence-strip, capped 8s, fade-out, loudnorm -16 LUFS, mono 22.05kHz"
app/src/main/res/raw/pig_fs2.mp3,Pig,https://freesound.org/people/awr1001/sounds/473519/ (id 473519: Oink.mp3),awr1001,CC0,2026-06-14,"downloaded HQ-mp3 preview; trim+silence-strip, capped 8s, fade-out, loudnorm -16 LUFS, mono 22.05kHz"
app/src/main/res/raw/pig_fs3.mp3,Pig,https://freesound.org/people/JarredGibb/sounds/233187/ (id 233187: Pig - Moan 1 - 96kHz.wav),JarredGibb,CC0,2026-06-14,"downloaded HQ-mp3 preview; trim+silence-strip, capped 8s, fade-out, loudnorm -16 LUFS, mono 22.05kHz"
app/src/main/res/raw/pig_fs4.mp3,Pig,https://freesound.org/people/JarredGibb/sounds/233181/ (id 233181: Pig - Multiple Snorts 4 - 96kHz.wav),JarredGibb,CC0,2026-06-14,"downloaded HQ-mp3 preview; trim+silence-strip, capped 8s, fade-out, loudnorm -16 LUFS, mono 22.05kHz"
app/src/main/res/raw/pig_fs5.mp3,Pig,https://freesound.org/people/JarredGibb/sounds/233184/ (id 233184: Pig - Multiple Snorts 1 - 96kHz.wav),JarredGibb,CC0,2026-06-14,"downloaded HQ-mp3 preview; trim+silence-strip, capped 8s, fade-out, loudnorm -16 LUFS, mono 22.05kHz"
app/src/main/res/raw/goose_fs1.mp3,Goose,"https://freesound.org/people/TheKingOfGeeks360/sounds/829858/ (id 829858: Waterfowl - Brown Chinese Goose; Female Honk, Close Perspective)",TheKingOfGeeks360,CC0,2026-06-14,"downloaded HQ-mp3 preview; trim+silence-strip, capped 8s, fade-out, loudnorm -16 LUFS, mono 22.05kHz"
app/src/main/res/raw/goose_fs2.mp3,Goose,https://freesound.org/people/el_boss/sounds/740197/ (id 740197: Goose Trumpet (loud honk) - Best Capture),el_boss,CC0,2026-06-14,"downloaded HQ-mp3 preview; trim+silence-strip, capped 8s, fade-out, loudnorm -16 LUFS, mono 22.05kHz"
app/src/main/res/raw/goose_fs3.mp3,Goose,"https://freesound.org/people/TheKingOfGeeks360/sounds/839117/ (id 839117: Waterfowl - Sebastopol Goose, Take 2)",TheKingOfGeeks360,CC0,2026-06-14,"downloaded HQ-mp3 preview; trim+silence-strip, capped 8s, fade-out, loudnorm -16 LUFS, mono 22.05kHz"
app/src/main/res/raw/goose_fs4.mp3,Goose,https://freesound.org/people/el_boss/sounds/740196/ (id 740196: Goose Honks - Multiple),el_boss,CC0,2026-06-14,"downloaded HQ-mp3 preview; trim+silence-strip, capped 8s, fade-out, loudnorm -16 LUFS, mono 22.05kHz"
app/src/main/res/raw/goose_fs5.mp3,Goose,https://freesound.org/people/SpaceJoe/sounds/510939/ (id 510939: Bird Honk - 2.wav),SpaceJoe,CC0,2026-06-14,"downloaded HQ-mp3 preview; trim+silence-strip, capped 8s, fade-out, loudnorm -16 LUFS, mono 22.05kHz"
app/src/main/res/raw/crow_fs1.mp3,Crow,https://freesound.org/people/qubodup/sounds/855096/ (id 855096: Unusual Crow Caw Call 2),qubodup,CC0,2026-06-14,"downloaded HQ-mp3 preview; trim+silence-strip, capped 8s, fade-out, loudnorm -16 LUFS, mono 22.05kHz"
app/src/main/res/raw/crow_fs2.mp3,Crow,https://freesound.org/people/qubodup/sounds/855095/ (id 855095: Unusual Crow Caw Call 1),qubodup,CC0,2026-06-14,"downloaded HQ-mp3 preview; trim+silence-strip, capped 8s, fade-out, loudnorm -16 LUFS, mono 22.05kHz"
app/src/main/res/raw/crow_fs3.mp3,Crow,https://freesound.org/people/Mish7913/sounds/741366/ (id 741366: Hooded Crow: Cawing),Mish7913,CC0,2026-06-14,"downloaded HQ-mp3 preview; trim+silence-strip, capped 8s, fade-out, loudnorm -16 LUFS, mono 22.05kHz"
app/src/main/res/raw/crow_fs4.mp3,Crow,https://freesound.org/people/Jofae/sounds/361470/ (id 361470: Crow Caw),Jofae,CC0,2026-06-14,"downloaded HQ-mp3 preview; trim+silence-strip, capped 8s, fade-out, loudnorm -16 LUFS, mono 22.05kHz"
app/src/main/res/raw/crow_fs5.mp3,Crow,https://freesound.org/people/Mish7913/sounds/741365/ (id 741365: Hooded Crow: Panic Cawing),Mish7913,CC0,2026-06-14,"downloaded HQ-mp3 preview; trim+silence-strip, capped 8s, fade-out, loudnorm -16 LUFS, mono 22.05kHz"
app/src/main/res/raw/cricket_fs1.mp3,Cricket,"https://freesound.org/people/HECKFRICKER/sounds/753271/ (id 753271: Single Cricket Chirping, Close Perspective 01)",HECKFRICKER,CC0,2026-06-14,"downloaded HQ-mp3 preview; trim+silence-strip, capped 8s, fade-out, loudnorm -16 LUFS, mono 22.05kHz"
app/src/main/res/raw/cricket_fs2.mp3,Cricket,https://freesound.org/people/CoolDudefromthe90s/sounds/709038/ (id 709038: cricket),CoolDudefromthe90s,CC0,2026-06-14,"downloaded HQ-mp3 preview; trim+silence-strip, capped 8s, fade-out, loudnorm -16 LUFS, mono 22.05kHz"
app/src/main/res/raw/cricket_fs3.mp3,Cricket,https://freesound.org/people/yahsay/sounds/842645/ (id 842645: Crickets chirping pt 2),yahsay,CC0,2026-06-14,"downloaded HQ-mp3 preview; trim+silence-strip, capped 8s, fade-out, loudnorm -16 LUFS, mono 22.05kHz"
app/src/main/res/raw/cricket_fs4.mp3,Cricket,https://freesound.org/people/Sojan/sounds/400663/ (id 400663: Cricket Chirp),Sojan,CC0,2026-06-14,"downloaded HQ-mp3 preview; trim+silence-strip, capped 8s, fade-out, loudnorm -16 LUFS, mono 22.05kHz"
app/src/main/res/raw/cricket_fs5.mp3,Cricket,https://freesound.org/people/deleted_user_2104797/sounds/164482/ (id 164482: Cricket 1.wav),deleted_user_2104797,CC0,2026-06-14,"downloaded HQ-mp3 preview; trim+silence-strip, capped 8s, fade-out, loudnorm -16 LUFS, mono 22.05kHz"
app/src/main/res/raw/cicada_fs1.mp3,Cicada,https://freesound.org/people/soundofsong/sounds/640718/ (id 640718: cicada insect loop.wav),soundofsong,CC0,2026-06-14,"downloaded HQ-mp3 preview; trim+silence-strip, capped 8s, fade-out, loudnorm -16 LUFS, mono 22.05kHz"
app/src/main/res/raw/cicada_fs2.mp3,Cicada,https://freesound.org/people/macdaddyno1/sounds/321590/ (id 321590: Japanese Cicada),macdaddyno1,CC0,2026-06-14,"downloaded HQ-mp3 preview; trim+silence-strip, capped 8s, fade-out, loudnorm -16 LUFS, mono 22.05kHz"
app/src/main/res/raw/cicada_fs3.mp3,Cicada,https://freesound.org/people/billcutbill/sounds/669361/ (id 669361: D119 Ticking Bug Ambience.WAV),billcutbill,CC BY 4.0,2026-06-14,"downloaded HQ-mp3 preview; trim+silence-strip, capped 8s, fade-out, loudnorm -16 LUFS, mono 22.05kHz"
app/src/main/res/raw/cicada_fs4.mp3,Cicada,https://freesound.org/people/macdaddyno1/sounds/321591/ (id 321591: Japanese  Cicada),macdaddyno1,CC0,2026-06-14,"downloaded HQ-mp3 preview; trim+silence-strip, capped 8s, fade-out, loudnorm -16 LUFS, mono 22.05kHz"
app/src/main/res/raw/whale_fs1.mp3,Whale,https://freesound.org/people/muri_kuri/sounds/684188/ (id 684188: whale song),muri_kuri,CC0,2026-06-14,"downloaded HQ-mp3 preview; trim+silence-strip, capped 8s, fade-out, loudnorm -16 LUFS, mono 22.05kHz"
app/src/main/res/raw/whale_fs2.mp3,Whale,https://freesound.org/people/davidou/sounds/88449/ (id 88449: Baleines.wav),davidou,CC0,2026-06-14,"downloaded HQ-mp3 preview; trim+silence-strip, capped 8s, fade-out, loudnorm -16 LUFS, mono 22.05kHz"
app/src/main/res/raw/squirrel_fs1.mp3,Squirrel,"https://freesound.org/people/TheKingOfGeeks360/sounds/753942/ (id 753942: Rodents - Eastern Gray Squirrel, Bark and Chatter, Slightly Reverberant, B/G Insects, Distant)",TheKingOfGeeks360,CC0,2026-06-14,"downloaded HQ-mp3 preview; trim+silence-strip, capped 8s, fade-out, loudnorm -16 LUFS, mono 22.05kHz"
app/src/main/res/raw/squirrel_fs4.mp3,Squirrel,https://freesound.org/people/BullSam/sounds/509507/ (id 509507: Red Squirrel.wav),BullSam,CC0,2026-06-14,"downloaded HQ-mp3 preview; trim+silence-strip, capped 8s, fade-out, loudnorm -16 LUFS, mono 22.05kHz"
app/src/main/res/raw/squirrel_fs5.mp3,Squirrel,"https://freesound.org/people/TheKingOfGeeks360/sounds/852386/ (id 852386: Rodents - Eastern Gray Squirrel; Chatter, Close Perspective)",TheKingOfGeeks360,CC0,2026-06-14,"downloaded HQ-mp3 preview; trim+silence-strip, capped 8s, fade-out, loudnorm -16 LUFS, mono 22.05kHz"
app/src/main/res/raw/dolphin_fs3.mp3,Dolphin,https://freesound.org/people/jfournier18/sounds/456151/ (id 456151: Dolphin Noise-.wav),jfournier18,CC0,2026-06-14,"downloaded HQ-mp3 preview; trim+silence-strip, capped 8s, fade-out, loudnorm -16 LUFS, mono 22.05kHz"
app/src/main/res/raw/dolphin_fs5.mp3,Dolphin,https://freesound.org/people/leonseptavaux/sounds/711685/ (id 711685: DOLPHIN_SFX_2),leonseptavaux,CC0,2026-06-14,"downloaded HQ-mp3 preview; trim+silence-strip, capped 8s, fade-out, loudnorm -16 LUFS, mono 22.05kHz"
app/src/main/res/raw/parrot_fs1.mp3,Parrot,https://freesound.org/people/castle81/sounds/187928/ (id 187928: Parrots.wav),castle81,CC0,2026-06-14,"downloaded HQ-mp3 preview; trim+silence-strip, capped 8s, fade-out, loudnorm -16 LUFS, mono 22.05kHz"
app/src/main/res/raw/parrot_fs2.mp3,Parrot,https://freesound.org/people/TheKingOfGeeks360/sounds/777593/ (id 777593: Parrots - African Gray; Whistle),TheKingOfGeeks360,CC0,2026-06-14,"downloaded HQ-mp3 preview; trim+silence-strip, capped 8s, fade-out, loudnorm -16 LUFS, mono 22.05kHz"
app/src/main/res/raw/parrot_fs3.mp3,Parrot,https://freesound.org/people/TheKingOfGeeks360/sounds/845711/ (id 845711: Parrots - Umbrella Cockatoos),TheKingOfGeeks360,CC0,2026-06-14,"downloaded HQ-mp3 preview; trim+silence-strip, capped 8s, fade-out, loudnorm -16 LUFS, mono 22.05kHz"
app/src/main/res/raw/parrot_fs4.mp3,Parrot,https://freesound.org/people/TheKingOfGeeks360/sounds/839918/ (id 839918: Parrots - White-winged Parakeets),TheKingOfGeeks360,CC0,2026-06-14,"downloaded HQ-mp3 preview; trim+silence-strip, capped 8s, fade-out, loudnorm -16 LUFS, mono 22.05kHz"
app/src/main/res/raw/parrot_fs5.mp3,Parrot,"https://freesound.org/people/TheKingOfGeeks360/sounds/849698/ (id 849698: Parrots - Amazon; ""Is that Good?"")",TheKingOfGeeks360,CC0,2026-06-14,"downloaded HQ-mp3 preview; trim+silence-strip, capped 8s, fade-out, loudnorm -16 LUFS, mono 22.05kHz"
app/src/main/res/raw/fox_fs2.mp3,Fox,https://freesound.org/people/Mrthenoronha/sounds/420450/ (id 420450: Barking 1.wav),Mrthenoronha,CC0,2026-06-14,"downloaded HQ-mp3 preview; trim+silence-strip, capped 8s, fade-out, loudnorm -16 LUFS, mono 22.05kHz"
app/src/main/res/raw/fox_fs3.mp3,Fox,https://freesound.org/people/Mrthenoronha/sounds/420447/ (id 420447: Barking 4.wav),Mrthenoronha,CC0,2026-06-14,"downloaded HQ-mp3 preview; trim+silence-strip, capped 8s, fade-out, loudnorm -16 LUFS, mono 22.05kHz"
app/src/main/res/raw/fox_fs4.mp3,Fox,https://freesound.org/people/Mrthenoronha/sounds/420452/ (id 420452: Barking 5.wav),Mrthenoronha,CC0,2026-06-14,"downloaded HQ-mp3 preview; trim+silence-strip, capped 8s, fade-out, loudnorm -16 LUFS, mono 22.05kHz"
app/src/main/res/raw/fox_fs5.mp3,Fox,https://freesound.org/people/Mrthenoronha/sounds/420449/ (id 420449: Barking 2.wav),Mrthenoronha,CC0,2026-06-14,"downloaded HQ-mp3 preview; trim+silence-strip, capped 8s, fade-out, loudnorm -16 LUFS, mono 22.05kHz"
app/src/main/res/raw/penguin_fs1.mp3,Penguin,https://freesound.org/people/Breviceps/sounds/705839/ (id 705839: Penguin Squeak),Breviceps,CC0,2026-06-14,"downloaded HQ-mp3 preview; trim+silence-strip, capped 8s, fade-out, loudnorm -16 LUFS, mono 22.05kHz"
app/src/main/res/raw/penguin_fs4.mp3,Penguin,https://freesound.org/people/soundbytez/sounds/111079/ (id 111079: magellanic_penguin.wav),soundbytez,CC BY 3.0,2026-06-14,"downloaded HQ-mp3 preview; trim+silence-strip, capped 8s, fade-out, loudnorm -16 LUFS, mono 22.05kHz"
app/src/main/res/raw/snake_fs1.mp3,Snake,https://freesound.org/people/xoiziox/sounds/553374/ (id 553374: Snake Hiss),xoiziox,CC0,2026-06-14,"downloaded HQ-mp3 preview; trim+silence-strip, capped 8s, fade-out, loudnorm -16 LUFS, mono 22.05kHz"
app/src/main/res/raw/snake_fs3.mp3,Snake,https://freesound.org/people/csaszi/sounds/252768/ (id 252768: angry snake hiss pass long<CsG>.mp3),csaszi,CC0,2026-06-14,"downloaded HQ-mp3 preview; trim+silence-strip, capped 8s, fade-out, loudnorm -16 LUFS, mono 22.05kHz"
app/src/main/res/raw/snake_fs5.mp3,Snake,https://freesound.org/people/Zeval34/sounds/578483/ (id 578483: Hisss.m4a),Zeval34,CC0,2026-06-14,"downloaded HQ-mp3 preview; trim+silence-strip, capped 8s, fade-out, loudnorm -16 LUFS, mono 22.05kHz"
app/src/main/res/raw/eagle_fs1.mp3,Eagle,https://freesound.org/people/kaydinhamby/sounds/381200/ (id 381200: Eagle Cry.wav),kaydinhamby,CC0,2026-06-14,"downloaded HQ-mp3 preview; trim+silence-strip, capped 8s, fade-out, loudnorm -16 LUFS, mono 22.05kHz"
app/src/main/res/raw/eagle_fs2.mp3,Eagle,https://freesound.org/people/SieuAmThanh/sounds/556575/ (id 556575: Đại Bàng Trên Không),SieuAmThanh,CC0,2026-06-14,"downloaded HQ-mp3 preview; trim+silence-strip, capped 8s, fade-out, loudnorm -16 LUFS, mono 22.05kHz"
app/src/main/res/raw/eagle_fs3.mp3,Eagle,https://freesound.org/people/PRINCEofWORMS/sounds/571273/ (id 571273: Hawk/Eagle Cry (Distant)),PRINCEofWORMS,CC BY 4.0,2026-06-14,"downloaded HQ-mp3 preview; trim+silence-strip, capped 8s, fade-out, loudnorm -16 LUFS, mono 22.05kHz"
app/src/main/res/raw/eagle_fs4.mp3,Eagle,https://freesound.org/people/stackpool/sounds/39338/ (id 39338: baldeagle-flap_and_cry.ogg),stackpool,CC0,2026-06-14,"downloaded HQ-mp3 preview; trim+silence-strip, capped 8s, fade-out, loudnorm -16 LUFS, mono 22.05kHz"
app/src/main/res/raw/zebra_fs1.mp3,Zebra,https://freesound.org/people/TheKingOfGeeks360/sounds/850661/ (id 850661: Zebras - Grant's Zebra Braying),TheKingOfGeeks360,CC0,2026-06-14,"downloaded HQ-mp3 preview; trim+silence-strip, capped 8s, fade-out, loudnorm -16 LUFS, mono 22.05kHz"
app/src/main/res/drawable/bear.jpg,Bear,https://commons.wikimedia.org/wiki/File:Brown_Bear_Cubs.jpg,Department of the Interior. U.S. Fish and Wildlife Service. ,Public domain,2026-06-14,"cropped to centered square, resized to 500x500, JPEG q85"
app/src/main/res/drawable/chipmunk.jpg,Chipmunk,https://commons.wikimedia.org/wiki/File:Chipmunk_(90393e71-03c3-43e8-9f47-b7002e45f09d).jpg,NPS,Public domain,2026-06-14,"cropped to centered square, resized to 500x500, JPEG q85"
app/src/main/res/drawable/cicada.jpg,Cicada,https://commons.wikimedia.org/wiki/File:Cicada_(Cicada_orni)_male_Babadag.jpg,Charles J. Sharp,CC BY-SA 4.0,2026-06-15,"cropped to square, resized to 500x500, JPEG q85"
app/src/main/res/drawable/coyote.jpg,Coyote,https://commons.wikimedia.org/wiki/File:Howl_(cropped).jpg,USFWS Mountain-Prairie,Public domain,2026-06-14,"cropped to centered square, resized to 500x500, JPEG q85"
app/src/main/res/drawable/cricket.jpg,Cricket,https://commons.wikimedia.org/wiki/File:Gryllidae_nymph_8004.jpg,Vengolis,CC BY-SA 4.0,2026-06-15,"cropped square to the cricket, resized to 500x500, JPEG q85"
app/src/main/res/drawable/crow.jpg,Crow,"https://commons.wikimedia.org/wiki/File:Corvus_brachyrhynchos,_2021-10-18,_Castle_Shannon.jpg",Cbaile19,CC0,2026-06-14,"cropped to centered square, resized to 500x500, JPEG q85"
app/src/main/res/drawable/dolphin.jpg,Dolphin,https://commons.wikimedia.org/wiki/File:Common_Bottlenose_Dolphin_(Tursiops_truncatus)_Catalina_swimming_in_front_of_boat.jpg,Kiloueka,CC0,2026-06-14,"cropped to centered square, resized to 500x500, JPEG q85"
app/src/main/res/drawable/eagle.jpg,Eagle,https://commons.wikimedia.org/wiki/File:Bald.eagle.closeup.arp-sh.750pix.jpg,Adrian Pingstone (User:Arpingstone),Public domain,2026-06-14,"cropped to centered square, resized to 500x500, JPEG q85"
app/src/main/res/drawable/elephant.jpg,Elephant,"https://commons.wikimedia.org/wiki/File:African_bush_elephant_(Loxodonta_africana),_Masai_Mara.jpg",Hobbyfotowiki,CC0,2026-06-14,"cropped to centered square, resized to 500x500, JPEG q85"
app/src/main/res/drawable/fox.jpg,Fox,https://commons.wikimedia.org/wiki/File:Common_foxes_in_the_snow.jpg,Wilhelm Kuhnert,Public domain,2026-06-14,"cropped to centered square, resized to 500x500, JPEG q85"
app/src/main/res/drawable/goose.jpg,Goose,https://commons.wikimedia.org/wiki/File:Graugans_Anser_Anser.jpg,"H005, denoised by Pro2",Public domain,2026-06-14,"cropped to centered square, resized to 500x500, JPEG q85"
app/src/main/res/drawable/hyena.jpg,Hyena,https://commons.wikimedia.org/wiki/File:Crocuta_crocuta.jpg,Ikiwaner,CC BY-SA 3.0,2026-06-14,"cropped square keeping the head/snout (offset left), resized to 500x500, JPEG q85"
app/src/main/res/drawable/parrot.jpg,Parrot,https://commons.wikimedia.org/wiki/File:Ara_macao_408004141.jpg,Adam Jackson,CC0,2026-06-14,"cropped to centered square, resized to 500x500, JPEG q85"
app/src/main/res/drawable/peacock.jpg,Peacock,https://commons.wikimedia.org/wiki/File:Pavo_Real_Venezolano.jpg,Wilfredor,CC0,2026-06-14,"cropped to centered square, resized to 500x500, JPEG q85"
app/src/main/res/drawable/penguin.jpg,Penguin,https://commons.wikimedia.org/wiki/File:Aptenodytes_patagonicus_003.jpg,"Lieutenant Philip Hall, NOAA Corps",Public domain,2026-06-14,"cropped to centered square, resized to 500x500, JPEG q85"
app/src/main/res/drawable/pig.jpg,Pig,https://commons.wikimedia.org/wiki/File:Sow_with_piglet.jpg,"Scott Bauer, USDA",Public domain,2026-06-14,"cropped to centered square, resized to 500x500, JPEG q85"
app/src/main/res/drawable/seal.jpg,Seal,"https://commons.wikimedia.org/wiki/File:Harbor_seal_in_Holyoke,_MA._Connecticut_River._01.jpg",LufkinF,CC0,2026-06-14,"cropped to centered square, resized to 500x500, JPEG q85"
app/src/main/res/drawable/snake.jpg,Snake,https://commons.wikimedia.org/wiki/File:Dekay's_Brownsnake_Head_Closeup.jpg,Snake enthusiast,CC BY-SA 4.0,2026-06-15,"cropped square to the head, resized to 500x500, JPEG q85"
app/src/main/res/drawable/squirrel.jpg,Squirrel,https://commons.wikimedia.org/wiki/File:Eastern_gray_squirrel_(Sciurus_carolinensis)2.jpg,Hardyplants,CC0,2026-06-14,"cropped to centered square, resized to 500x500, JPEG q85"
app/src/main/res/drawable/tiger.jpg,Tiger,https://commons.wikimedia.org/wiki/File:A_Bengal_tiger_(Panthera_tigris_tigris)_scratching_tree_with_its_claws_at_Pilibhit_tiger_reserve.jpg,Pixel009,CC0,2026-06-14,"cropped to centered square, resized to 500x500, JPEG q85"
app/src/main/res/drawable/whale.jpg,Whale,https://commons.wikimedia.org/wiki/File:Delphinapterus_leucas_Magic_ring.JPG,SR EXR,Public domain,2026-06-14,"cropped to centered square, resized to 500x500, JPEG q85"
app/src/main/res/drawable/wolf.jpg,Wolf,https://commons.wikimedia.org/wiki/File:Canis_lupus_baileyi_running.jpg,Photographer: Jim Clark,Public domain,2026-06-14,"cropped to centered square, resized to 500x500, JPEG q85"
app/src/main/res/drawable/zebra.jpg,Zebra,https://commons.wikimedia.org/wiki/File:Zebra._(17334109606).jpg,"Bernard Spragg. NZ from Christchurch, New Zealand",CC0,2026-06-14,"cropped to centered square, resized to 500x500, JPEG q85"
app/src/main/res/raw/cat_fs1.mp3,Cat,https://freesound.org/people/Lukey1028/sounds/732519/ (id 732519: Senior Cat Meow),Lukey1028,CC0,2026-06-14,"downloaded HQ-mp3 preview; trim+silence-strip, capped 8s, fade-out, loudnorm -16 LUFS, mono 22.05kHz"
app/src/main/res/raw/cat_fs2.mp3,Cat,https://freesound.org/people/Lukey1028/sounds/732520/ (id 732520: Young Cat Meow),Lukey1028,CC0,2026-06-14,"downloaded HQ-mp3 preview; trim+silence-strip, capped 8s, fade-out, loudnorm -16 LUFS, mono 22.05kHz"
app/src/main/res/raw/cat_fs3.mp3,Cat,https://freesound.org/people/tuberatanka/sounds/110011/ (id 110011: cat meow),tuberatanka,CC0,2026-06-14,"downloaded HQ-mp3 preview; trim+silence-strip, capped 8s, fade-out, loudnorm -16 LUFS, mono 22.05kHz"
app/src/main/res/raw/cat_fs4.mp3,Cat,https://freesound.org/people/tuberatanka/sounds/110010/ (id 110010: cat meow II),tuberatanka,CC0,2026-06-14,"downloaded HQ-mp3 preview; trim+silence-strip, capped 8s, fade-out, loudnorm -16 LUFS, mono 22.05kHz"
app/src/main/res/raw/cat_fs5.mp3,Cat,https://freesound.org/people/Sadiquecat/sounds/759416/ (id 759416: Cat - Pearl - Meow for pets 2),Sadiquecat,CC0,2026-06-14,"downloaded HQ-mp3 preview; trim+silence-strip, capped 8s, fade-out, loudnorm -16 LUFS, mono 22.05kHz"
app/src/main/res/raw/cat_fs6.mp3,Cat,https://freesound.org/people/Sadiquecat/sounds/771989/ (id 771989: Street cat meow),Sadiquecat,CC0,2026-06-14,"downloaded HQ-mp3 preview; trim+silence-strip, capped 8s, fade-out, loudnorm -16 LUFS, mono 22.05kHz"
app/src/main/res/raw/chicken_fs1.mp3,Chicken,"https://freesound.org/people/TheKingOfGeeks360/sounds/735767/ (id 735767: Fowl - Chickens, Rooster and Hen Clucking)",TheKingOfGeeks360,CC0,2026-06-14,"downloaded HQ-mp3 preview; trim+silence-strip, capped 8s, fade-out, loudnorm -16 LUFS, mono 22.05kHz"
app/src/main/res/raw/chicken_fs3.mp3,Chicken,https://freesound.org/people/Filmscore/sounds/823065/ (id 823065: Chicken Clucking),Filmscore,CC0,2026-06-14,"downloaded HQ-mp3 preview; trim+silence-strip, capped 8s, fade-out, loudnorm -16 LUFS, mono 22.05kHz"
app/src/main/res/raw/chicken_fs5.mp3,Chicken,https://freesound.org/people/Rudmer_Rotteveel/sounds/316920/ (id 316920: Chicken Single Alarm Call),Rudmer_Rotteveel,CC0,2026-06-14,"downloaded HQ-mp3 preview; trim+silence-strip, capped 8s, fade-out, loudnorm -16 LUFS, mono 22.05kHz"
app/src/main/res/raw/cicada_fs5.mp3,Cicada,https://freesound.org/people/SamuelGremaud/sounds/437061/ (id 437061: RIVER AND CICADAS - 1),SamuelGremaud,CC0,2026-06-14,"downloaded HQ-mp3 preview; trim+silence-strip, capped 8s, fade-out, loudnorm -16 LUFS, mono 22.05kHz"
app/src/main/res/raw/cicada_fs6.mp3,Cicada,https://freesound.org/people/LinaManjarrez/sounds/562837/ (id 562837: Cicadas - boring),LinaManjarrez,CC0,2026-06-14,"downloaded HQ-mp3 preview; trim+silence-strip, capped 8s, fade-out, loudnorm -16 LUFS, mono 22.05kHz"
app/src/main/res/raw/cicada_fs7.mp3,Cicada,https://freesound.org/people/Attia.phonatics/sounds/829810/ (id 829810: crickets katydids cicadas insect sound at night),Attia.phonatics,CC0,2026-06-14,"downloaded HQ-mp3 preview; trim+silence-strip, capped 8s, fade-out, loudnorm -16 LUFS, mono 22.05kHz"
app/src/main/res/raw/cicada_fs8.mp3,Cicada,https://freesound.org/people/TannerMetro/sounds/825960/ (id 825960: Cicada),TannerMetro,CC0,2026-06-14,"downloaded HQ-mp3 preview; trim+silence-strip, capped 8s, fade-out, loudnorm -16 LUFS, mono 22.05kHz"
app/src/main/res/raw/cicada_fs9.mp3,Cicada,https://freesound.org/people/Nox_Sound/sounds/515054/ (id 515054: Ambiance_Cicadas_Loop_02.wav),Nox_Sound,CC0,2026-06-14,"downloaded HQ-mp3 preview; trim+silence-strip, capped 8s, fade-out, loudnorm -16 LUFS, mono 22.05kHz"
app/src/main/res/raw/cicada_fs10.mp3,Cicada,https://freesound.org/people/macdaddyno1/sounds/421932/ (id 421932: Summer time cicada.MP3),macdaddyno1,CC0,2026-06-14,"downloaded HQ-mp3 preview; trim+silence-strip, capped 8s, fade-out, loudnorm -16 LUFS, mono 22.05kHz"
app/src/main/res/raw/cow_fs7.mp3,Cow,https://freesound.org/people/manofham/sounds/698969/ (id 698969: Cow Moo three times),manofham,CC0,2026-06-14,"downloaded HQ-mp3 preview; trim+silence-strip, capped 8s, fade-out, loudnorm -16 LUFS, mono 22.05kHz"
app/src/main/res/raw/cow_fs8.mp3,Cow,https://freesound.org/people/manofham/sounds/700380/ (id 700380: Moo 3 - Moo Moo the Cow),manofham,CC0,2026-06-14,"downloaded HQ-mp3 preview; trim+silence-strip, capped 8s, fade-out, loudnorm -16 LUFS, mono 22.05kHz"
app/src/main/res/raw/cow_fs9.mp3,Cow,https://freesound.org/people/spurioustransients/sounds/513557/ (id 513557: Cow moo #3),spurioustransients,CC0,2026-06-14,"downloaded HQ-mp3 preview; trim+silence-strip, capped 8s, fade-out, loudnorm -16 LUFS, mono 22.05kHz"
app/src/main/res/raw/dog_fs2.mp3,Dog,https://freesound.org/people/abhisheky948/sounds/625498/ (id 625498: Animal Dog Bark 01.wav),abhisheky948,CC0,2026-06-14,"downloaded HQ-mp3 preview; trim+silence-strip, capped 8s, fade-out, loudnorm -16 LUFS, mono 22.05kHz"
app/src/main/res/raw/dog_fs3.mp3,Dog,https://freesound.org/people/SpaceJoe/sounds/485962/ (id 485962: Dog Barking Distance - 1.wav),SpaceJoe,CC0,2026-06-14,"downloaded HQ-mp3 preview; trim+silence-strip, capped 8s, fade-out, loudnorm -16 LUFS, mono 22.05kHz"
app/src/main/res/raw/dog_fs4.mp3,Dog,https://freesound.org/people/SpaceJoe/sounds/485961/ (id 485961: Dog Barking Distance - 2.wav),SpaceJoe,CC0,2026-06-14,"downloaded HQ-mp3 preview; trim+silence-strip, capped 8s, fade-out, loudnorm -16 LUFS, mono 22.05kHz"
app/src/main/res/raw/dog_fs5.mp3,Dog,https://freesound.org/people/abhisheky948/sounds/625496/ (id 625496: Animal Dog Bark 21.wav),abhisheky948,CC0,2026-06-14,"downloaded HQ-mp3 preview; trim+silence-strip, capped 8s, fade-out, loudnorm -16 LUFS, mono 22.05kHz"
app/src/main/res/raw/dog_fs6.mp3,Dog,"https://freesound.org/people/TheKingOfGeeks360/sounds/842355/ (id 842355: Dogs - Chihuahua Barking, Close Perspective)",TheKingOfGeeks360,CC0,2026-06-14,"downloaded HQ-mp3 preview; trim+silence-strip, capped 8s, fade-out, loudnorm -16 LUFS, mono 22.05kHz"
app/src/main/res/raw/dog_fs7.mp3,Dog,https://freesound.org/people/fennelliott/sounds/347364/ (id 347364: dog bark.wav),fennelliott,CC0,2026-06-14,"downloaded HQ-mp3 preview; trim+silence-strip, capped 8s, fade-out, loudnorm -16 LUFS, mono 22.05kHz"
app/src/main/res/raw/donkey_fs6.mp3,Donkey,"https://freesound.org/people/designerschoice/sounds/803724/ (id 803724: ANMLHors-Samsung Galaxy Smartphone, CU_Donkey, Braying_Nicholas Judy_TDC)",designerschoice,CC0,2026-06-14,"downloaded HQ-mp3 preview; trim+silence-strip, capped 8s, fade-out, loudnorm -16 LUFS, mono 22.05kHz"
app/src/main/res/raw/donkey_fs7.mp3,Donkey,https://freesound.org/people/TheKingOfGeeks360/sounds/856360/ (id 856360: Mules - Mule; Neigh and Short Bray),TheKingOfGeeks360,CC0,2026-06-14,"downloaded HQ-mp3 preview; trim+silence-strip, capped 8s, fade-out, loudnorm -16 LUFS, mono 22.05kHz"
app/src/main/res/raw/donkey_fs8.mp3,Donkey,https://freesound.org/people/craigsmith/sounds/675411/ (id 675411: S02-01 Donkey braying.wav),craigsmith,CC0,2026-06-14,"downloaded HQ-mp3 preview; trim+silence-strip, capped 8s, fade-out, loudnorm -16 LUFS, mono 22.05kHz"
app/src/main/res/raw/donkey_fs9.mp3,Donkey,https://freesound.org/people/Mastersoundboy2005/sounds/763352/ (id 763352: Idiotic Donkey Braying Sound Effect),Mastersoundboy2005,CC0,2026-06-14,"downloaded HQ-mp3 preview; trim+silence-strip, capped 8s, fade-out, loudnorm -16 LUFS, mono 22.05kHz"
app/src/main/res/raw/frog_fs5.mp3,Frog,https://freesound.org/people/egomassive/sounds/536759/ (id 536759: Frog.ogg),egomassive,CC0,2026-06-14,"downloaded HQ-mp3 preview; trim+silence-strip, capped 8s, fade-out, loudnorm -16 LUFS, mono 22.05kHz"
app/src/main/res/raw/frog_fs7.mp3,Frog,https://freesound.org/people/katzlbt/sounds/361117/ (id 361117: frog_quak.mp3),katzlbt,CC0,2026-06-14,"downloaded HQ-mp3 preview; trim+silence-strip, capped 8s, fade-out, loudnorm -16 LUFS, mono 22.05kHz"
app/src/main/res/raw/frog_fs8.mp3,Frog,https://freesound.org/people/BinaryMonkFlint/sounds/251938/ (id 251938: frog.mp3),BinaryMonkFlint,CC0,2026-06-14,"downloaded HQ-mp3 preview; trim+silence-strip, capped 8s, fade-out, loudnorm -16 LUFS, mono 22.05kHz"
app/src/main/res/raw/frog_fs9.mp3,Frog,"https://freesound.org/people/InspectorJ/sounds/484763/ (id 484763: Florida Treefrog, Close, In Air Vent, 01.wav)",InspectorJ,CC BY 4.0,2026-06-14,"downloaded HQ-mp3 preview; trim+silence-strip, capped 8s, fade-out, loudnorm -16 LUFS, mono 22.05kHz"
app/src/main/res/raw/horse_fs5.mp3,Horse,https://freesound.org/people/3bagbrew/sounds/59569/ (id 59569: horse.mp3),3bagbrew,CC0,2026-06-14,"downloaded HQ-mp3 preview; trim+silence-strip, capped 8s, fade-out, loudnorm -16 LUFS, mono 22.05kHz"
app/src/main/res/raw/horse_fs6.mp3,Horse,https://freesound.org/people/TheKingOfGeeks360/sounds/848097/ (id 848097: Horses - Three Horses Neighing),TheKingOfGeeks360,CC0,2026-06-14,"downloaded HQ-mp3 preview; trim+silence-strip, capped 8s, fade-out, loudnorm -16 LUFS, mono 22.05kHz"
app/src/main/res/raw/horse_fs7.mp3,Horse,https://freesound.org/people/Lydmakeren/sounds/510903/ (id 510903: Horse_neighing.wav),Lydmakeren,CC0,2026-06-14,"downloaded HQ-mp3 preview; trim+silence-strip, capped 8s, fade-out, loudnorm -16 LUFS, mono 22.05kHz"
app/src/main/res/raw/horse_fs8.mp3,Horse,"https://freesound.org/people/TheKingOfGeeks360/sounds/856359/ (id 856359: Horses - Palomino, Neigh)",TheKingOfGeeks360,CC0,2026-06-14,"downloaded HQ-mp3 preview; trim+silence-strip, capped 8s, fade-out, loudnorm -16 LUFS, mono 22.05kHz"
app/src/main/res/raw/horse_fs9.mp3,Horse,https://freesound.org/people/shadoWisp/sounds/269571/ (id 269571: horse neigh shortened.wav),shadoWisp,CC0,2026-06-14,"downloaded HQ-mp3 preview; trim+silence-strip, capped 8s, fade-out, loudnorm -16 LUFS, mono 22.05kHz"
app/src/main/res/raw/lion_fs6.mp3,Lion,https://freesound.org/people/SGAK/sounds/467762/ (id 467762: lion.wav),SGAK,CC0,2026-06-14,"downloaded HQ-mp3 preview; trim+silence-strip, capped 8s, fade-out, loudnorm -16 LUFS, mono 22.05kHz"
app/src/main/res/raw/lion_fs7.mp3,Lion,https://freesound.org/people/craigsmith/sounds/675443/ (id 675443: S01-09_Short lion roars.wav),craigsmith,CC0,2026-06-14,"downloaded HQ-mp3 preview; trim+silence-strip, capped 8s, fade-out, loudnorm -16 LUFS, mono 22.05kHz"
app/src/main/res/raw/lion_fs10.mp3,Lion,https://freesound.org/people/LilMati/sounds/527214/ (id 527214: Leo Season),LilMati,CC0,2026-06-14,"downloaded HQ-mp3 preview; trim+silence-strip, capped 8s, fade-out, loudnorm -16 LUFS, mono 22.05kHz"
app/src/main/res/raw/monkey_fs5.mp3,Monkey,https://freesound.org/people/Bidone/sounds/67361/ (id 67361: Affen schreit.mp3),Bidone,CC0,2026-06-14,"downloaded HQ-mp3 preview; trim+silence-strip, capped 8s, fade-out, loudnorm -16 LUFS, mono 22.05kHz"
app/src/main/res/raw/monkey_fs6.mp3,Monkey,https://freesound.org/people/PapitoG/sounds/344117/ (id 344117: Belize_brulaap.mp3),PapitoG,CC0,2026-06-14,"downloaded HQ-mp3 preview; trim+silence-strip, capped 8s, fade-out, loudnorm -16 LUFS, mono 22.05kHz"
app/src/main/res/raw/monkey_fs9.mp3,Monkey,https://freesound.org/people/TheKingOfGeeks360/sounds/850013/ (id 850013: Primates - Geoffroy's Spider Monkey; Drawn-out Squeak),TheKingOfGeeks360,CC0,2026-06-14,"downloaded HQ-mp3 preview; trim+silence-strip, capped 8s, fade-out, loudnorm -16 LUFS, mono 22.05kHz"
app/src/main/res/raw/monkey_fs10.mp3,Monkey,https://freesound.org/people/riippumattog/sounds/833439/ (id 833439: monkey angry),riippumattog,CC0,2026-06-14,"downloaded HQ-mp3 preview; trim+silence-strip, capped 8s, fade-out, loudnorm -16 LUFS, mono 22.05kHz"
app/src/main/res/raw/peacock_fs5.mp3,Peacock,"https://freesound.org/people/TheKingOfGeeks360/sounds/849987/ (id 849987: Fowl - Indian Peafowl; Several Peacocks Squawking, Medium Perspective)",TheKingOfGeeks360,CC0,2026-06-14,"downloaded HQ-mp3 preview; trim+silence-strip, capped 8s, fade-out, loudnorm -16 LUFS, mono 22.05kHz"
app/src/main/res/raw/peacock_fs6.mp3,Peacock,https://freesound.org/people/Lexana.uk/sounds/646948/ (id 646948: Peacock July 2022.mp3),Lexana.uk,CC0,2026-06-14,"downloaded HQ-mp3 preview; trim+silence-strip, capped 8s, fade-out, loudnorm -16 LUFS, mono 22.05kHz"
app/src/main/res/raw/peacock_fs7.mp3,Peacock,https://freesound.org/people/TheKingOfGeeks360/sounds/844337/ (id 844337: Fowl - Indian Peafowl; Two Peafowl Squawking),TheKingOfGeeks360,CC0,2026-06-14,"downloaded HQ-mp3 preview; trim+silence-strip, capped 8s, fade-out, loudnorm -16 LUFS, mono 22.05kHz"
app/src/main/res/raw/peacock_fs8.mp3,Peacock,https://freesound.org/people/TheKingOfGeeks360/sounds/843481/ (id 843481: Fowl - Indian Peafowl; Squawk),TheKingOfGeeks360,CC0,2026-06-14,"downloaded HQ-mp3 preview; trim+silence-strip, capped 8s, fade-out, loudnorm -16 LUFS, mono 22.05kHz"
app/src/main/res/raw/peacock_fs10.mp3,Peacock,"https://freesound.org/people/TheKingOfGeeks360/sounds/848106/ (id 848106: Fowl - Indian Peafowl; White Peacock, Single)",TheKingOfGeeks360,CC0,2026-06-14,"downloaded HQ-mp3 preview; trim+silence-strip, capped 8s, fade-out, loudnorm -16 LUFS, mono 22.05kHz"
app/src/main/res/raw/sheep_fs5.mp3,Sheep,https://freesound.org/people/satoristudios3/sounds/677221/ (id 677221: Ewe baa),satoristudios3,CC0,2026-06-14,"downloaded HQ-mp3 preview; trim+silence-strip, capped 8s, fade-out, loudnorm -16 LUFS, mono 22.05kHz"
app/src/main/res/raw/sheep_fs7.mp3,Sheep,https://freesound.org/people/esperar/sounds/171149/ (id 171149: sheep 3.mp3),esperar,CC0,2026-06-14,"downloaded HQ-mp3 preview; trim+silence-strip, capped 8s, fade-out, loudnorm -16 LUFS, mono 22.05kHz"
app/src/main/res/raw/sheep_fs8.mp3,Sheep,https://freesound.org/people/TheKingOfGeeks360/sounds/787563/ (id 787563: Sheep - Lamb Bleat),TheKingOfGeeks360,CC0,2026-06-14,"downloaded HQ-mp3 preview; trim+silence-strip, capped 8s, fade-out, loudnorm -16 LUFS, mono 22.05kHz"
